{
  "info": {
    "name": "SashaMentions",
    "_postman_id": "e6a0f5e2-0d57-4a9b-8e2d-999999999999",
    "description": "Test endpoints for Mentions Monitor MVP",
    "schema": "https://schema.getpostman.com/json/collection/v2.1.0/collection.json"
  },
  "item": [
    {
      "name": "Health",
      "request": {
        "method": "GET",
        "header": [],
        "url": {
          "raw": "http://localhost:8000/health",
          "protocol": "http",
          "host": [
            "localhost"
          ],
          "port": "8000",
          "path": [
            "health"
          ]
        }
      }
    },
    {
      "name": "Webhook Verify (GET)",
      "request": {
        "method": "GET",
        "header": [],
        "url": {
          "raw": "http://localhost:8000/webhooks/meta?hub.mode=subscribe&hub.challenge=CHALLENGE&hub.verify_token={{META_VERIFY_TOKEN}}",
          "protocol": "http",
          "host": [
            "localhost"
          ],
          "port": "8000",
          "path": [
            "webhooks",
            "meta"
          ],
          "query": [
            {
              "key": "hub.mode",
              "value": "subscribe"
            },
            {
              "key": "hub.challenge",
              "value": "CHALLENGE"
            },
            {
              "key": "hub.verify_token",
              "value": "{{META_VERIFY_TOKEN}}"
            }
          ]
        }
      }
    }
  ],
  "variable": [
    {
      "key": "META_VERIFY_TOKEN",
      "value": "changeme"
    }
  ]
}